{"cameraMode":{"drawMode":0,"name":"Shaded","section":"Shading Mode"},"sceneLighting":true,"audioPlay":false,"sceneViewState":{"m_AlwaysRefresh":false,"showFog":true,"showSkybox":true,"showFlares":true,"showImageEffects":true,"showParticleSystems":true,"showVisualEffectGraphs":true,"m_FxEnabled":false},"in2DMode":false,"pivot":{"x":827.9844360351563,"y":104.39739990234375,"z":188.525634765625},"rotation":{"x":0.45906689763069155,"y":-0.013325520791113377,"z":0.006886688992381096,"w":0.8882803916931152},"size":462.1766662597656,"orthographic":false}